{
  "rnn_size": 252,
  "lr": 0.00029215243346323943,
  "decay_rate": 0.8517222787858957
}