{
  "rnn_size": 234,
  "lr": 0.0006658045092464378,
  "decay_rate": 0.9430641008458948
}